DP_X,DP_Y,Baseline_X,Baseline_Y,Fit_X,Fit_Y,NDH_X,NDH_Y
0.083333,-0.002265,,,,,0.26937,1.324213
0.1,-0.001117,,,,,0.504647,0.624432
0.116667,-0.000349,,,,,0.742759,1.073431
0.133333,0.000489,,,,,0.983707,0.776633
0.15,0.000867,,,,,1.227491,0.811549
0.166667,0.000985,,,,,1.474109,0.263478
0.183333,0.001263,,,,,1.723563,0.0548
0.2,0.000971,,,,,1.975853,0.492806
0.216667,0.001179,,,,,2.230977,0.319847
0.233333,0.000957,,,,,2.488937,0.353694
0.25,0.001406,,,,,2.749733,0.123396
0.266667,0.001824,,,,,3.013364,0.973762
0.283333,0.002242,,,,,3.27983,0.743901
0.3,0.001191,,,,,3.549131,0.938432
0.316667,0.000329,,,,,3.821268,1.445189
0.333333,-0.000852,,,,,,
0.35,-0.002674,,,,,,
0.366667,-0.002966,,,,,,
0.383333,-0.002079,,,,,,
0.4,-0.001531,,,,,,
0.416667,-0.000794,,,,,,
0.433333,0.000423,,,,,,
0.45,0.00117,,,,,,
0.466667,0.000557,,,,,,
0.483333,0.000553,,,,,,
0.5,0.000399,,,,,,
0.516667,0.000385,,,,,,
0.533333,-0.00037,,,,,,
0.55,-0.000595,,,,,,
0.566667,-0.00097,,,,,,
0.583333,-0.000565,,,,,,
0.6,-0.000841,,,,,,
0.616667,-0.000987,,,,,,
0.633333,-0.001113,,,,,,
0.65,-0.000969,,,,,,
0.666667,-0.001037,,,,,,
0.683333,-0.001074,,,,,,
0.7,-0.000121,,,,,,
0.716667,0.000052,,,,,,
0.733333,0.001764,,,,,,
0.75,0.001996,,,,,,
0.766667,0.001868,,,,,,
0.783333,0.00147,,,,,,
0.8,0.001032,,,,,,
0.816667,-0.000587,,,,,,
0.833333,-0.001285,,,,,,
0.85,-0.000404,,,,,,
0.866667,-0.000733,,,,,,
0.883333,0.000389,,,,,,
0.9,0.00161,,,,,,
0.916667,0.00206,,,,,,
0.933333,0.001251,,,,,,
0.95,0.000852,,,,,,
0.966667,-0.000497,,,,,,
0.983333,-0.001421,,,,,,
1,-0.001075,,,,,,
1.016667,-0.001029,,,,,,
1.033333,-0.000164,,,,,,
1.05,0.004677,,,,,,
1.066667,0.008717,,,,,,
1.083333,0.009979,,,,,,
1.1,0.010525,,,,,,
1.116667,0.009321,,,,,,
1.133333,0.004087,,,,,,
1.15,-0.002408,,,,,,
1.166667,-0.006131,,,,,,
1.183333,-0.006904,,,,,,
1.2,-0.006757,,,,,,
1.216667,-0.005372,,,,,,
1.233333,-0.001812,,,,,,
1.25,0.000337,,,,,,
1.266667,0.000736,,,,,,
1.283333,0.000454,,,,,,
1.3,-0.000842,,,,,,
1.316667,-0.001658,,,,,,
1.333333,-0.00121,,,,,,
1.35,-0.000421,,,,,,
1.366667,0.000528,,,,,,
1.383333,0.001048,,,,,,
1.4,0.000363,,,,,,
1.416667,-0.001154,,,,,,
1.433333,-0.001241,,,,,,
1.45,-0.001169,,,,,,
1.466667,-0.000087,,,,,,
1.483333,0.000401,,,,,,
1.5,0.000799,,,,,,
1.516667,0.001177,,,,,,
1.533333,0.000813,,,,,,
1.55,0.000338,,,,,,
1.566667,0.000964,,,,,,
1.583333,0.001329,,,,,,
1.6,0.000452,,,,,,
1.616667,0.000485,,,,,,
1.633333,0.000258,,,,,,
1.65,-0.00087,,,,,,
1.666667,-0.00077,,,,,,
1.683333,0.000571,,,,,,
1.7,0.001381,,,,,,
1.716667,0.00095,,,,,,
1.733333,0.001927,,,,,,
1.75,0.001435,,,,,,
1.766667,0.001102,,,,,,
1.783333,0.000587,,,,,,
1.8,0.001122,,,,,,
1.816667,-0.000074,,,,,,
1.833333,-0.00047,,,,,,
1.85,-0.001598,,,,,,
1.866667,-0.001527,,,,,,
1.883333,-0.001026,,,,,,
1.9,-0.000395,,,,,,
1.916667,0.000003,,,,,,
1.933333,0.000781,,,,,,
1.95,0.000979,,,,,,
1.966667,0.000185,,,,,,
1.983333,0.00046,,,,,,
2,0.000905,,,,,,
2.016667,-0.00007,,,,,,
2.033333,-0.001447,,,,,,
2.05,-0.001585,,,,,,
2.066667,-0.001483,,,,,,
2.083333,-0.000941,,,,,,
2.1,0.000398,,,,,,
2.116667,0.001268,,,,,,
2.133333,0.002107,,,,,,
2.15,0.002165,,,,,,
2.166667,0.002042,,,,,,
2.183333,0.002088,,,,,,
2.2,0.002245,,,,,,
2.216667,0.00133,,,,,,
2.233333,0.000263,,,,,,
2.25,-0.000153,,,,,,
2.266667,-0.001229,,,,,,
2.283333,-0.001588,,,,,,
2.3,-0.001408,,,,,,
2.316667,-0.001818,,,,,,
2.333333,-0.002228,,,,,,
2.35,-0.001682,,,,,,
2.366667,-0.001876,,,,,,
2.383333,-0.001929,,,,,,
2.4,-0.001214,,,,,,
2.416667,-0.001481,,,,,,
2.433333,-0.001229,,,,,,
2.45,0.000134,,,,,,
2.466667,0.001694,,,,,,
2.483333,0.002284,,,,,,
2.5,0.003463,,,,,,
2.516667,0.004322,,,,,,
2.533333,0.004069,,,,,,
2.55,0.002796,,,,,,
2.566667,0.003432,,,,,,
2.583333,0.003078,,,,,,
2.6,0.001421,,,,,,
2.616667,0.000174,,,,,,
2.633333,0.001196,,,,,,
2.65,0.000038,,,,,,
2.666667,-0.001504,,,,,,
2.683333,-0.001726,,,,,,
2.7,-0.002079,,,,,,
2.716667,-0.003644,,,,,,
2.733333,-0.003862,,,,,,
2.75,-0.00146,,,,,,
2.766667,-0.000108,,,,,,
2.783333,0.001298,,,,,,
2.8,0.001383,,,,,,
2.816667,0.002359,,,,,,
2.833333,0.001094,,,,,,
2.85,0.000721,,,,,,
2.866667,-0.000561,,,,,,
2.883333,-0.000833,,,,,,
2.9,-0.001567,,,,,,
2.916667,-0.001267,,,,,,
2.933333,-0.002898,,,,,,
2.95,-0.002678,,,,,,
2.966667,-0.002732,,,,,,
2.983333,-0.002921,,,,,,
3,-0.00358,,,,,,
3.016667,-0.001589,,,,,,
3.033333,-0.000084,,,,,,
3.05,-0.000011,,,,,,
3.066667,0.000353,,,,,,
3.083333,0.001225,,,,,,
3.1,-0.000139,,,,,,
3.116667,-0.001484,,,,,,
3.133333,-0.001239,,,,,,
3.15,-0.001505,,,,,,
3.166667,-0.002467,,,,,,
3.183333,-0.002459,,,,,,
3.2,-0.00136,,,,,,
3.216667,-0.000275,,,,,,
3.233333,0.000387,,,,,,
3.25,0.000359,,,,,,
3.266667,0.000502,,,,,,
3.283333,0.00063,,,,,,
3.3,0.000718,,,,,,
3.316667,0.001185,,,,,,
3.333333,0.002063,,,,,,
3.35,0.002157,,,,,,
3.366667,0.00215,,,,,,
3.383333,0.001204,,,,,,
3.4,-0.000263,,,,,,
3.416667,-0.001592,,,,,,
3.433333,-0.001591,,,,,,
3.45,-0.00331,,,,,,
3.466667,-0.00347,,,,,,
3.483333,-0.004002,,,,,,
3.5,-0.003573,,,,,,
3.516667,-0.004034,,,,,,
3.533333,-0.004644,,,,,,
3.55,0.00643,,,,,,
3.566667,0.028475,,,,,,
3.583333,0.056123,,,,,,
3.6,0.087289,,,,,,
3.616667,0.118115,,,,,,
3.633333,0.121331,,,,,,
3.65,0.102216,,,,,,
3.666667,0.068818,,,,,,
3.683333,0.02548,,,,,,
3.7,-0.020068,,,,,,
3.716667,-0.049703,,,,,,
3.733333,-0.063154,,,,,,
3.75,-0.066124,,,,,,
3.766667,-0.060195,,,,,,
3.783333,-0.048113,,,,,,
3.8,-0.033921,,,,,,
3.816667,-0.021139,,,,,,
3.833333,-0.010212,,,,,,
3.85,-0.003523,,,,,,
3.866667,0.000317,,,,,,
3.883333,0.002406,,,,,,
3.9,0.002311,,,,,,
3.916667,0.002594,,,,,,
3.933333,0.001007,,,,,,
3.95,0.001269,,,,,,
3.966667,0.000376,,,,,,
3.983333,0.000051,,,,,,
4,-0.000175,,,,,,
4.016667,0.000789,,,,,,
4.033333,0.000369,,,,,,
4.05,0.00111,,,,,,
4.066667,0.002041,,,,,,
4.083333,0.002062,,,,,,
4.1,0.001116,,,,,,
4.116667,0.00018,,,,,,
4.133333,0.000014,,,,,,
4.15,-0.000763,,,,,,
4.166667,-0.000346,,,,,,
4.183333,-0.000339,,,,,,
4.2,-0.000782,,,,,,
4.216667,0.000018,,,,,,
4.233333,0.000897,,,,,,
4.25,0.000146,,,,,,
4.266667,0.000785,,,,,,
4.283333,0.001615,,,,,,
4.3,0.000998,,,,,,
4.316667,0.002541,,,,,,
4.333333,0.00394,,,,,,
4.35,0.00326,,,,,,
4.366667,0.00348,,,,,,
4.383333,0.002791,,,,,,
4.4,0.001584,,,,,,
4.416667,0.001367,,,,,,
4.433333,0.00077,,,,,,
4.45,0.000372,,,,,,
4.466667,0.001122,,,,,,
4.483333,0.000098,,,,,,
4.5,-0.000967,,,,,,
4.516667,-0.000971,,,,,,
4.533333,-0.000335,,,,,,
4.55,-0.000375,,,,,,
4.566667,0.000704,,,,,,
4.583333,0.002363,,,,,,
4.6,0.004267,,,,,,
4.616667,0.00366,,,,,,
4.633333,0.003053,,,,,,
4.65,0.0037,,,,,,
4.666667,0.002947,,,,,,
4.683333,0.001154,,,,,,
4.7,0.002091,,,,,,
4.716667,0.002835,,,,,,
4.733333,0.002165,,,,,,
4.75,0.002116,,,,,,
4.766667,0.002176,,,,,,
4.783333,0.001255,,,,,,
4.8,0.000837,,,,,,
4.816667,-0.000561,,,,,,
4.833333,-0.000459,,,,,,
4.85,0.000082,,,,,,
4.866667,0.001194,,,,,,
4.883333,0.001625,,,,,,
4.9,0.001969,,,,,,
4.916667,0.001338,,,,,,
4.933333,-0.000192,,,,,,
4.95,-0.001823,,,,,,
4.966667,-0.001771,,,,,,
4.983333,-0.000836,,,,,,
5,-0.000371,,,,,,
5.016667,0.000824,,,,,,
5.033333,0.000641,,,,,,
5.05,0.000039,,,,,,
5.066667,-0.000922,,,,,,
5.083333,-0.001584,,,,,,
5.1,-0.001434,,,,,,
5.116667,-0.001115,,,,,,
5.133333,-0.001395,,,,,,
5.15,-0.001256,,,,,,
5.166667,-0.001066,,,,,,
5.183333,-0.001237,,,,,,
5.2,-0.000738,,,,,,
5.216667,0.00075,,,,,,
5.233333,0.001278,,,,,,
5.25,0.002135,,,,,,
5.266667,0.002443,,,,,,
5.283333,0.001847,,,,,,
5.3,0.000111,,,,,,
5.316667,-0.000175,,,,,,
5.333333,-0.000861,,,,,,
5.35,-0.001172,,,,,,
5.366667,-0.000543,,,,,,
5.383333,-0.000844,,,,,,
5.4,-0.001788,,,,,,
5.416667,-0.001466,,,,,,
5.433333,-0.001404,,,,,,
5.45,-0.002472,,,,,,
5.466667,-0.001495,,,,,,
5.483333,-0.000692,,,,,,
5.5,-0.001558,,,,,,
5.516667,-0.001505,,,,,,
5.533333,-0.000919,,,,,,
5.55,-0.001805,,,,,,
5.566667,-0.002301,,,,,,
5.583333,-0.001947,,,,,,
5.6,-0.002933,,,,,,
5.616667,-0.002719,,,,,,
5.633333,-0.001655,,,,,,
5.65,-0.000494,,,,,,
5.666667,0.00038,,,,,,
5.683333,0.001284,,,,,,
5.7,0.000588,,,,,,
5.716667,0.000436,,,,,,
5.733333,-0.00031,,,,,,
5.75,-0.000925,,,,,,
5.766667,-0.001061,,,,,,
5.783333,-0.001015,,,,,,
5.8,-0.00114,,,,,,
5.816667,0.000004,,,,,,
5.833333,-0.000672,,,,,,
5.85,-0.001167,,,,,,
5.866667,-0.001031,,,,,,
5.883333,-0.000316,,,,,,
5.9,-0.001994,,,,,,
5.916667,-0.001347,,,,,,
5.933333,-0.000881,,,,,,
5.95,-0.000424,,,,,,
5.966667,-0.001612,,,,,,
5.983333,-0.000634,,,,,,
6,-0.000205,,,,,,
6.016667,-0.001216,,,,,,
6.033333,-0.001363,,,,,,
6.05,0.009344,,,,,,
6.066667,0.029222,,,,,,
6.083333,0.054146,,,,,,
6.1,0.081154,,,,,,
6.116667,0.106482,,,,,,
6.133333,0.10829,,,,,,
6.15,0.088571,,,,,,
6.166667,0.056073,,,,,,
6.183333,0.016084,,,,,,
6.2,-0.025985,,,,,,
6.216667,-0.055149,,,,,,
6.233333,-0.069956,,,,,,
6.25,-0.071944,,,,,,
6.266667,-0.065561,,,,,,
6.283333,-0.05462,,,,,,
6.3,-0.041484,,,,,,
6.316667,-0.027939,,,,,,
6.333333,-0.018072,,,,,,
6.35,-0.010172,,,,,,
6.366667,-0.005102,,,,,,
6.383333,-0.002402,,,,,,
6.4,-0.001482,,,,,,
6.416667,-0.0001,,,,,,
6.433333,0.000341,,,,,,
6.45,0.000102,,,,,,
6.466667,0.000345,,,,,,
6.483333,0.000032,,,,,,
6.5,-0.00055,,,,,,
6.516667,-0.001943,,,,,,
6.533333,-0.000132,,,,,,
6.55,0.001644,,,,,,
6.566667,0.00155,,,,,,
6.583333,0.001366,,,,,,
6.6,0.000919,,,,,,
6.616667,0.000133,,,,,,
6.633333,0.000076,,,,,,
6.65,0.001145,,,,,,
6.666667,0.001745,,,,,,
6.683333,0.001635,,,,,,
6.7,0.000625,,,,,,
6.716667,-0.000118,,,,,,
6.733333,0.000029,,,,,,
6.75,-0.000023,,,,,,
6.766667,0.001314,,,,,,
6.783333,0.002177,,,,,,
6.8,0.00129,,,,,,
6.816667,0.001444,,,,,,
6.833333,0.001194,,,,,,
6.85,0.000991,,,,,,
6.866667,0.000167,,,,,,
6.883333,-0.000147,,,,,,
6.9,-0.001121,,,,,,
6.916667,-0.001735,,,,,,
6.933333,-0.00186,,,,,,
6.95,-0.000994,,,,,,
6.966667,-0.001312,,,,,,
6.983333,-0.001697,,,,,,
7,-0.001513,,,,,,
7.016667,-0.002698,,,,,,
7.033333,-0.001321,,,,,,
7.05,0.001827,,,,,,
7.066667,0.003705,,,,,,
7.083333,0.005687,,,,,,
7.1,0.005673,,,,,,
7.116667,0.005869,,,,,,
7.133333,0.005085,,,,,,
7.15,0.004044,,,,,,
7.166667,0.00387,,,,,,
7.183333,0.003297,,,,,,
7.2,0.003144,,,,,,
7.216667,0.003306,,,,,,
7.233333,0.003244,,,,,,
7.25,0.002311,,,,,,
7.266667,0.001758,,,,,,
7.283333,0.000794,,,,,,
7.3,0.000621,,,,,,
7.316667,0.001139,,,,,,
7.333333,0.001536,,,,,,
7.35,0.002092,,,,,,
7.366667,0.002089,,,,,,
7.383333,0.001275,,,,,,
7.4,0.000533,,,,,,
7.416667,0.000616,,,,,,
7.433333,0.000919,,,,,,
7.45,0.000823,,,,,,
7.466667,0.000318,,,,,,
7.483333,0.000877,,,,,,
7.5,0.000885,,,,,,
7.516667,0.001163,,,,,,
7.533333,0.001004,,,,,,
7.55,0.000795,,,,,,
7.566667,-0.000154,,,,,,
7.583333,-0.000633,,,,,,
7.6,-0.002111,,,,,,
7.616667,-0.001799,,,,,,
7.633333,-0.001238,,,,,,
7.65,-0.001157,,,,,,
7.666667,-0.001677,,,,,,
7.683333,-0.002007,,,,,,
7.7,-0.002167,,,,,,
7.716667,-0.001919,,,,,,
7.733333,-0.002222,,,,,,
7.75,-0.002166,,,,,,
7.766667,-0.000969,,,,,,
7.783333,-0.001057,,,,,,
7.8,-0.000875,,,,,,
7.816667,0.000127,,,,,,
7.833333,0.000268,,,,,,
7.85,-0.000496,,,,,,
7.866667,-0.00055,,,,,,
7.883333,-0.000364,,,,,,
7.9,-0.00107,,,,,,
7.916667,-0.00064,,,,,,
7.933333,0.000119,,,,,,
7.95,0.001119,,,,,,
7.966667,0.001404,,,,,,
7.983333,0.001226,,,,,,
8,0.000749,,,,,,
8.016667,0.000261,,,,,,
8.033333,-0.000353,,,,,,
8.05,-0.001519,,,,,,
8.066667,-0.001705,,,,,,
8.083333,-0.001832,,,,,,
8.1,-0.002086,,,,,,
8.116667,-0.001821,,,,,,
8.133333,-0.001766,,,,,,
8.15,-0.001014,,,,,,
8.166667,-0.001248,,,,,,
8.183333,-0.001273,,,,,,
8.2,-0.001927,,,,,,
8.216667,-0.002136,,,,,,
8.233333,-0.00236,,,,,,
8.25,-0.002254,,,,,,
8.266667,-0.002378,,,,,,
8.283333,-0.002078,,,,,,
8.3,-0.001081,,,,,,
8.316667,-0.000654,,,,,,
8.333333,0.000053,,,,,,
8.35,0.000402,,,,,,
8.366667,0.000072,,,,,,
8.383333,0.000491,,,,,,
8.4,0.000058,,,,,,
8.416667,-0.000329,,,,,,
8.433333,-0.000927,,,,,,
8.45,-0.000885,,,,,,
8.466667,-0.001495,,,,,,
8.483333,-0.001589,,,,,,
8.5,-0.001082,,,,,,
8.516667,-0.000785,,,,,,
8.533333,-0.001019,,,,,,
8.55,0.006893,,,,,,
8.566667,0.023415,,,,,,
8.583333,0.044402,,,,,,
8.6,0.070018,,,,,,
8.616667,0.096583,,,,,,
8.633333,0.103258,,,,,,
8.65,0.090031,,,,,,
8.666667,0.062753,,,,,,
8.683333,0.027594,,,,,,
8.7,-0.011294,,,,,,
8.716667,-0.039328,,,,,,
8.733333,-0.054206,,,,,,
8.75,-0.058364,,,,,,
8.766667,-0.054971,,,,,,
8.783333,-0.046371,,,,,,
8.8,-0.033704,,,,,,
8.816667,-0.021186,,,,,,
8.833333,-0.011558,,,,,,
8.85,-0.005051,,,,,,
8.866667,-0.001015,,,,,,
8.883333,0.000721,,,,,,
8.9,0.000365,,,,,,
8.916667,0.00058,,,,,,
8.933333,0.002174,,,,,,
8.95,0.002579,,,,,,
8.966667,0.002334,,,,,,
8.983333,0.001737,,,,,,
9,0.001471,,,,,,
9.016667,0.000054,,,,,,
9.033333,0.000507,,,,,,
9.05,0.000103,,,,,,
9.066667,0.000618,,,,,,
9.083333,0.000712,,,,,,
9.1,0.000179,,,,,,
9.116667,0.000076,,,,,,
9.133333,-0.000737,,,,,,
9.15,-0.001449,,,,,,
9.166667,-0.000116,,,,,,
9.183333,0.000476,,,,,,
9.2,0.001079,,,,,,
9.216667,0.001551,,,,,,
9.233333,0.00308,,,,,,
9.25,0.003379,,,,,,
9.266667,0.004407,,,,,,
9.283333,0.004156,,,,,,
9.3,0.005377,,,,,,
9.316667,0.005348,,,,,,
9.333333,0.004029,,,,,,
9.35,0.00212,,,,,,
9.366667,0.002311,,,,,,
9.383333,0.001712,,,,,,
9.4,0.000895,,,,,,
9.416667,0.001666,,,,,,
9.433333,0.002046,,,,,,
9.45,0.001106,,,,,,
9.466667,-0.000089,,,,,,
9.483333,0.00079,,,,,,
9.5,0.000978,,,,,,
9.516667,0.000887,,,,,,
9.533333,0.000921,,,,,,
9.55,0.001387,,,,,,
9.566667,0.000152,,,,,,
9.583333,-0.000942,,,,,,
9.6,-0.000481,,,,,,
9.616667,-0.00124,,,,,,
9.633333,-0.00031,,,,,,
9.65,-0.001688,,,,,,
9.666667,-0.002853,,,,,,
9.683333,-0.003059,,,,,,
9.7,-0.002964,,,,,,
9.716667,-0.004378,,,,,,
9.733333,-0.003261,,,,,,
9.75,-0.001344,,,,,,
9.766667,-0.001857,,,,,,
9.783333,-0.002118,,,,,,
9.8,-0.001439,,,,,,
9.816667,-0.00053,,,,,,
9.833333,-0.00099,,,,,,
9.85,0.000102,,,,,,
9.866667,0.001454,,,,,,
9.883333,0.000445,,,,,,
9.9,-0.000442,,,,,,
9.916667,-0.000257,,,,,,
9.933333,-0.000383,,,,,,
9.95,-0.000328,,,,,,
9.966667,0.000598,,,,,,
9.983333,0.000856,,,,,,
10,0.001144,,,,,,
10.016667,0.001452,,,,,,
10.033333,0.000952,,,,,,
10.05,0.000593,,,,,,
10.066667,0.000415,,,,,,
10.083333,-0.000594,,,,,,
10.1,-0.00185,,,,,,
10.116667,-0.001425,,,,,,
10.133333,-0.00093,,,,,,
10.15,-0.000435,,,,,,
10.166667,-0.000006,,,,,,
10.183333,0.000212,,,,,,
10.2,-0.00012,,,,,,
10.216667,-0.0006,,,,,,
10.233333,-0.000728,,,,,,
10.25,-0.000406,,,,,,
10.266667,0.000596,,,,,,
10.283333,0.001922,,,,,,
10.3,0.002518,,,,,,
10.316667,0.003074,,,,,,
10.333333,0.002991,,,,,,
10.35,0.001892,,,,,,
10.366667,0.000652,,,,,,
10.383333,0.000873,,,,,,
10.4,0.000705,,,,,,
10.416667,0.001469,,,,,,
10.433333,0.002674,,,,,,
10.45,0.003458,,,,,,
10.466667,0.003574,,,,,,
10.483333,0.003092,,,,,,
10.5,0.002519,,,,,,
10.516667,0.002277,,,,,,
10.533333,0.000555,,,,,,
10.55,-0.000356,,,,,,
10.566667,-0.000717,,,,,,
10.583333,-0.001088,,,,,,
10.6,-0.00199,,,,,,
10.616667,-0.001982,,,,,,
10.633333,-0.002013,,,,,,
10.65,-0.000846,,,,,,
10.666667,-0.00146,,,,,,
10.683333,-0.000364,,,,,,
10.7,-0.000238,,,,,,
10.716667,0.000636,,,,,,
10.733333,-0.000622,,,,,,
10.75,-0.00102,,,,,,
10.766667,-0.002448,,,,,,
10.783333,-0.003199,,,,,,
10.8,-0.004712,,,,,,
10.816667,-0.004535,,,,,,
10.833333,-0.004288,,,,,,
10.85,-0.003696,,,,,,
10.866667,-0.002834,,,,,,
10.883333,-0.002413,,,,,,
10.9,-0.002562,,,,,,
10.916667,-0.002586,,,,,,
10.933333,-0.002959,,,,,,
10.95,-0.003472,,,,,,
10.966667,-0.003498,,,,,,
10.983333,-0.002705,,,,,,
11,-0.001372,,,,,,
11.016667,-0.000509,,,,,,
11.033333,-0.000855,,,,,,
11.05,0.008622,,,,,,
11.066667,0.02596,,,,,,
11.083333,0.04825,,,,,,
11.1,0.072257,,,,,,
11.116667,0.098614,,,,,,
11.133333,0.104341,,,,,,
11.15,0.089596,,,,,,
11.166667,0.061259,,,,,,
11.183333,0.024802,,,,,,
11.2,-0.015785,,,,,,
11.216667,-0.044713,,,,,,
11.233333,-0.060588,,,,,,
11.25,-0.065394,,,,,,
11.266667,-0.061259,,,,,,
11.283333,-0.050335,,,,,,
11.3,-0.038731,,,,,,
11.316667,-0.026466,,,,,,
11.333333,-0.016723,,,,,,
11.35,-0.00915,,,,,,
11.366667,-0.004117,,,,,,
11.383333,-0.000715,,,,,,
11.4,0.000467,,,,,,
11.416667,0.001118,,,,,,
11.433333,0.000639,,,,,,
11.45,0.000161,,,,,,
11.466667,0.000726,,,,,,
11.483333,0.000286,,,,,,
11.5,0.000446,,,,,,
11.516667,0.001016,,,,,,
11.533333,0.001293,,,,,,
11.55,0.000279,,,,,,
11.566667,0.001055,,,,,,
11.583333,0.000884,,,,,,
11.6,0.000563,,,,,,
11.616667,0.000541,,,,,,
11.633333,0.0006,,,,,,
11.65,-0.000056,,,,,,
11.666667,0.00031,,,,,,
11.683333,0.000515,,,,,,
11.7,-0.000099,,,,,,
11.716667,-0.000482,,,,,,
11.733333,-0.000715,,,,,,
11.75,-0.001038,,,,,,
11.766667,-0.001131,,,,,,
11.783333,0.001649,,,,,,
11.8,0.004227,,,,,,
11.816667,0.006635,,,,,,
11.833333,0.008061,,,,,,
11.85,0.007035,,,,,,
11.866667,0.006469,,,,,,
11.883333,0.006143,,,,,,
11.9,0.005914,,,,,,
11.916667,0.005827,,,,,,
11.933333,0.006251,,,,,,
11.95,0.005445,,,,,,
11.966667,0.00563,,,,,,
11.983333,0.005222,,,,,,
12,0.005135,,,,,,
12.016667,0.004927,,,,,,
12.033333,0.004122,,,,,,
12.05,0.002931,,,,,,
12.066667,0.001329,,,,,,
12.083333,0.000468,,,,,,
12.1,-0.001051,,,,,,
12.116667,-0.001211,,,,,,
12.133333,-0.000971,,,,,,
12.15,-0.000808,,,,,,
12.166667,-0.000419,,,,,,
12.183333,0.000699,,,,,,
12.2,0.001767,,,,,,
12.216667,0.002468,,,,,,
12.233333,0.00383,,,,,,
12.25,0.004303,,,,,,
12.266667,0.003455,,,,,,
12.283333,0.003037,,,,,,
12.3,0.002389,,,,,,
12.316667,0.0013,,,,,,
12.333333,0.000412,,,,,,
12.35,0.001268,,,,,,
12.366667,0.000664,,,,,,
12.383333,-0.001071,,,,,,
12.4,-0.002348,,,,,,
12.416667,-0.004184,,,,,,
12.433333,-0.007259,,,,,,
12.45,-0.008665,,,,,,
12.466667,-0.0083,,,,,,
12.483333,-0.008472,,,,,,
12.5,-0.007054,,,,,,
12.516667,-0.005286,,,,,,
12.533333,-0.005544,,,,,,
12.55,-0.005915,,,,,,
12.566667,-0.004686,,,,,,
12.583333,-0.004129,,,,,,
12.6,-0.004271,,,,,,
12.616667,-0.002733,,,,,,
12.633333,-0.002285,,,,,,
12.65,-0.002554,,,,,,
12.666667,-0.003457,,,,,,
12.683333,-0.00378,,,,,,
12.7,-0.003183,,,,,,
12.716667,-0.002337,,,,,,
12.733333,-0.001581,,,,,,
12.75,-0.001294,,,,,,
12.766667,-0.000437,,,,,,
12.783333,-0.000196,,,,,,
12.8,0.000882,,,,,,
12.816667,0.00073,,,,,,
12.833333,0.001667,,,,,,
12.85,0.002968,,,,,,
12.866667,0.002669,,,,,,
12.883333,0.001569,,,,,,
12.9,0.002685,,,,,,
12.916667,0.002449,,,,,,
12.933333,0.002183,,,,,,
12.95,0.001978,,,,,,
12.966667,0.001333,,,,,,
12.983333,-0.000578,,,,,,
13,-0.00025,,,,,,
13.016667,-0.001141,,,,,,
13.033333,-0.000845,,,,,,
13.05,0.000018,,,,,,
13.066667,0.000721,,,,,,
13.083333,-0.000018,,,,,,
13.1,-0.00003,,,,,,
13.116667,-0.000162,,,,,,
13.133333,-0.000305,,,,,,
13.15,0.000228,,,,,,
13.166667,0.00061,,,,,,
13.183333,0.000932,,,,,,
13.2,0.000665,,,,,,
13.216667,-0.000392,,,,,,
13.233333,-0.000704,,,,,,
13.25,-0.001467,,,,,,
13.266667,-0.00236,,,,,,
13.283333,-0.003285,,,,,,
13.3,-0.003002,,,,,,
13.316667,-0.0032,,,,,,
13.333333,-0.001878,,,,,,
13.35,-0.00032,,,,,,
13.366667,0.001188,,,,,,
13.383333,0.000577,,,,,,
13.4,0.000661,,,,,,
13.416667,0.000226,,,,,,
13.433333,0.000042,,,,,,
13.45,0.000257,,,,,,
13.466667,0.000936,,,,,,
13.483333,0.000889,,,,,,
13.5,0.000533,,,,,,
13.516667,-0.000393,,,,,,
13.533333,-0.003138,,,,,,
13.55,0.001678,,,,,,
13.566667,0.015595,,,,,,
13.583333,0.035143,,,,,,
13.6,0.057305,,,,,,
13.616667,0.082958,,,,,,
13.633333,0.09326,,,,,,
13.65,0.0831,,,,,,
13.666667,0.058505,,,,,,
13.683333,0.025801,,,,,,
13.7,-0.011374,,,,,,
13.716667,-0.039632,,,,,,
13.733333,-0.054955,,,,,,
13.75,-0.059349,,,,,,
13.766667,-0.054222,,,,,,
13.783333,-0.043108,,,,,,
13.8,-0.031261,,,,,,
13.816667,-0.020425,,,,,,
13.833333,-0.009996,,,,,,
13.85,-0.003007,,,,,,
13.866667,-0.000997,,,,,,
13.883333,0.000243,,,,,,
13.9,0.001442,,,,,,
13.916667,0.000719,,,,,,
13.933333,-0.000494,,,,,,
13.95,-0.000867,,,,,,
13.966667,-0.000455,,,,,,
13.983333,-0.000524,,,,,,
14,-0.000033,,,,,,
14.016667,0.000568,,,,,,
14.033333,0.001037,,,,,,
14.05,0.000221,,,,,,
14.066667,-0.000926,,,,,,
14.083333,-0.001323,,,,,,
14.1,-0.00107,,,,,,
14.116667,0.000094,,,,,,
14.133333,0.000887,,,,,,
14.15,0.002004,,,,,,
14.166667,0.002685,,,,,,
14.183333,0.001675,,,,,,
14.2,-0.000014,,,,,,
14.216667,-0.000814,,,,,,
14.233333,-0.002288,,,,,,
14.25,-0.002992,,,,,,
14.266667,-0.001566,,,,,,
14.283333,-0.000208,,,,,,
14.3,0.000166,,,,,,
14.316667,0.000479,,,,,,
14.333333,0.000399,,,,,,
14.35,-0.000602,,,,,,
14.366667,-0.000933,,,,,,
14.383333,-0.000263,,,,,,
14.4,0.000686,,,,,,
14.416667,0.001963,,,,,,
14.433333,0.002901,,,,,,
14.45,0.001419,,,,,,
14.466667,0.00039,,,,,,
14.483333,0.000349,,,,,,
14.5,0.000839,,,,,,
14.516667,-0.000332,,,,,,
14.533333,0.002474,,,,,,
14.55,0.003742,,,,,,
14.566667,0.00384,,,,,,
14.583333,0.004071,,,,,,
14.6,0.003761,,,,,,
14.616667,0.003371,,,,,,
14.633333,0.002931,,,,,,
14.65,0.002593,,,,,,
14.666667,0.002041,,,,,,
14.683333,0.002689,,,,,,
14.7,0.002726,,,,,,
14.716667,0.002249,,,,,,
14.733333,0.001956,,,,,,
14.75,0.002382,,,,,,
14.766667,0.002789,,,,,,
14.783333,0.003382,,,,,,
14.8,0.004498,,,,,,
14.816667,0.005383,,,,,,
14.833333,0.004599,,,,,,
14.85,0.003122,,,,,,
14.866667,0.000995,,,,,,
14.883333,-0.000042,,,,,,
14.9,-0.000727,,,,,,
14.916667,-0.000098,,,,,,
14.933333,0.000042,,,,,,
14.95,0.000561,,,,,,
14.966667,0.000002,,,,,,
14.983333,-0.000234,,,,,,
15,-0.000891,,,,,,
15.016667,-0.001087,,,,,,
15.033333,-0.001242,,,,,,
15.05,-0.001296,,,,,,
15.066667,-0.00133,,,,,,
15.083333,-0.000694,,,,,,
15.1,0.000002,,,,,,
15.116667,0.000419,,,,,,
15.133333,0.000425,,,,,,
15.15,0.000031,,,,,,
15.166667,-0.000963,,,,,,
15.183333,-0.001637,,,,,,
15.2,-0.001712,,,,,,
15.216667,-0.001847,,,,,,
15.233333,-0.001514,,,,,,
15.25,-0.00121,,,,,,
15.266667,-0.001627,,,,,,
15.283333,-0.002186,,,,,,
15.3,-0.002296,,,,,,
15.316667,-0.002745,,,,,,
15.333333,-0.002945,,,,,,
15.35,-0.001558,,,,,,
15.366667,0.000378,,,,,,
15.383333,0.002155,,,,,,
15.4,0.003671,,,,,,
15.416667,0.003764,,,,,,
15.433333,0.003417,,,,,,
15.45,0.00167,,,,,,
15.466667,-0.00026,,,,,,
15.483333,-0.000761,,,,,,
15.5,-0.001102,,,,,,
15.516667,-0.001344,,,,,,
15.533333,-0.001419,,,,,,
15.55,-0.000346,,,,,,
15.566667,-0.000292,,,,,,
15.583333,0.000421,,,,,,
15.6,-0.000101,,,,,,
15.616667,-0.000253,,,,,,
15.633333,-0.000656,,,,,,
15.65,-0.00128,,,,,,
15.666667,-0.000479,,,,,,
15.683333,0.000553,,,,,,
15.7,0.002564,,,,,,
15.716667,0.004252,,,,,,
15.733333,0.004886,,,,,,
15.75,0.00326,,,,,,
15.766667,0.001265,,,,,,
15.783333,-0.001157,,,,,,
15.8,-0.003411,,,,,,
15.816667,-0.004555,,,,,,
15.833333,-0.005319,,,,,,
15.85,-0.004902,,,,,,
15.866667,-0.004435,,,,,,
15.883333,-0.004158,,,,,,
15.9,-0.004064,,,,,,
15.916667,-0.003547,,,,,,
15.933333,-0.003209,,,,,,
15.95,-0.003262,,,,,,
15.966667,-0.002929,,,,,,
15.983333,-0.00202,,,,,,
16,-0.001902,,,,,,
16.016667,-0.002103,,,,,,
16.033333,-0.003282,,,,,,
16.05,0.001204,,,,,,
16.066667,0.014951,,,,,,
16.083333,0.033787,,,,,,
16.1,0.054946,,,,,,
16.116667,0.077794,,,,,,
16.133333,0.086313,,,,,,
16.15,0.074305,,,,,,
16.166667,0.050867,,,,,,
16.183333,0.017789,,,,,,
16.2,-0.01874,,,,,,
16.216667,-0.046479,,,,,,
16.233333,-0.059467,,,,,,
16.25,-0.061566,,,,,,
16.266667,-0.052664,,,,,,
16.283333,-0.03935,,,,,,
16.3,-0.024044,,,,,,
16.316667,-0.011659,,,,,,
16.333333,-0.002211,,,,,,
16.35,0.001677,,,,,,
16.366667,0.002245,,,,,,
16.383333,0.000423,,,,,,
16.4,-0.001609,,,,,,
16.416667,-0.003482,,,,,,
16.433333,-0.003366,,,,,,
16.45,-0.00297,,,,,,
16.466667,-0.002737,,,,,,
16.483333,-0.002787,,,,,,
16.5,-0.002496,,,,,,
16.516667,-0.003436,,,,,,
16.533333,-0.002682,,,,,,
16.55,-0.001867,,,,,,
16.566667,-0.001023,,,,,,
16.583333,-0.000997,,,,,,
16.6,-0.000617,,,,,,
16.616667,-0.000687,,,,,,
16.633333,-0.001277,,,,,,
16.65,-0.001805,,,,,,
16.666667,-0.002518,,,,,,
16.683333,-0.002311,,,,,,
16.7,-0.001384,,,,,,
16.716667,-0.001702,,,,,,
16.733333,-0.001767,,,,,,
16.75,-0.000462,,,,,,
16.766667,0.000863,,,,,,
16.783333,0.000227,,,,,,
16.8,0.001122,,,,,,
16.816667,0.001997,,,,,,
16.833333,0.001153,,,,,,
16.85,0.000999,,,,,,
16.866667,0.001545,,,,,,
16.883333,0.001991,,,,,,
16.9,0.002461,,,,,,
16.916667,0.00404,,,,,,
16.933333,0.003648,,,,,,
16.95,0.002617,,,,,,
16.966667,0.001383,,,,,,
16.983333,0.001005,,,,,,
17,-0.000213,,,,,,
17.016667,-0.000651,,,,,,
17.033333,-0.000678,,,,,,
17.05,-0.000483,,,,,,
17.066667,-0.001157,,,,,,
17.083333,-0.00076,,,,,,
17.1,-0.000781,,,,,,
17.116667,-0.000072,,,,,,
17.133333,0.000227,,,,,,
17.15,0.000111,,,,,,
17.166667,-0.000925,,,,,,
17.183333,-0.001222,,,,,,
17.2,-0.001018,,,,,,
17.216667,-0.000236,,,,,,
17.233333,0.001933,,,,,,
17.25,0.004931,,,,,,
17.266667,0.0083,,,,,,
17.283333,0.010081,,,,,,
17.3,0.010155,,,,,,
17.316667,0.008619,,,,,,
17.333333,0.006974,,,,,,
17.35,0.003591,,,,,,
17.366667,0.000899,,,,,,
17.383333,-0.000664,,,,,,
17.4,-0.001482,,,,,,
17.416667,-0.002984,,,,,,
17.433333,-0.003235,,,,,,
17.45,-0.003067,,,,,,
17.466667,-0.002684,,,,,,
17.483333,-0.002577,,,,,,
17.5,-0.001791,,,,,,
17.516667,-0.000644,,,,,,
17.533333,-0.000213,,,,,,
17.55,-0.000291,,,,,,
17.566667,0.000552,,,,,,
17.583333,0.000994,,,,,,
17.6,0.000381,,,,,,
17.616667,0.000907,,,,,,
17.633333,0.002303,,,,,,
17.65,0.00147,,,,,,
17.666667,0.000648,,,,,,
17.683333,0.000566,,,,,,
17.7,-0.000756,,,,,,
17.716667,-0.001878,,,,,,
17.733333,-0.000941,,,,,,
17.75,-0.000993,,,,,,
17.766667,-0.001336,,,,,,
17.783333,-0.00167,,,,,,
17.8,-0.002315,,,,,,
17.816667,-0.00258,,,,,,
17.833333,-0.000926,,,,,,
17.85,-0.000675,,,,,,
17.866667,0.000635,,,,,,
17.883333,0.001406,,,,,,
17.9,0.001254,,,,,,
17.916667,0.000699,,,,,,
17.933333,0.000283,,,,,,
17.95,-0.001472,,,,,,
17.966667,-0.002542,,,,,,
17.983333,-0.003785,,,,,,
18,-0.005258,,,,,,
18.016667,-0.005061,,,,,,
18.033333,-0.004902,,,,,,
18.05,-0.005023,,,,,,
18.066667,-0.004185,,,,,,
18.083333,-0.002997,,,,,,
18.1,-0.002027,,,,,,
18.116667,-0.000137,,,,,,
18.133333,0.002072,,,,,,
18.15,0.00255,,,,,,
18.166667,0.001962,,,,,,
18.183333,0.001504,,,,,,
18.2,0.001136,,,,,,
18.216667,0.000934,,,,,,
18.233333,0.001089,,,,,,
18.25,0.001994,,,,,,
18.266667,0.002099,,,,,,
18.283333,0.001488,,,,,,
18.3,0.000286,,,,,,
18.316667,-0.000606,,,,,,
18.333333,-0.001569,,,,,,
18.35,-0.002008,,,,,,
18.366667,-0.002358,,,,,,
18.383333,-0.002657,,,,,,
18.4,-0.002459,,,,,,
18.416667,-0.002385,,,,,,
18.433333,-0.001261,,,,,,
18.45,-0.000937,,,,,,
18.466667,-0.000357,,,,,,
18.483333,-0.000619,,,,,,
18.5,-0.001212,,,,,,
18.516667,-0.002314,,,,,,
18.533333,-0.003705,,,,,,
18.55,-0.001195,,,,,,
18.566667,0.009465,,,,,,
18.583333,0.026613,,,,,,
18.6,0.044827,,,,,,
18.616667,0.066211,,,,,,
18.633333,0.078045,,,,,,
18.65,0.07048,,,,,,
18.666667,0.04892,,,,,,
18.683333,0.020139,,,,,,
18.7,-0.013391,,,,,,
18.716667,-0.041279,,,,,,
18.733333,-0.056237,,,,,,
18.75,-0.059876,,,,,,
18.766667,-0.055654,,,,,,
18.783333,-0.04641,,,,,,
18.8,-0.035315,,,,,,
18.816667,-0.024521,,,,,,
18.833333,-0.016637,,,,,,
18.85,-0.010619,,,,,,
18.866667,-0.00678,,,,,,
18.883333,-0.003562,,,,,,
18.9,-0.001488,,,,,,
18.916667,-0.000807,,,,,,
18.933333,-0.000295,,,,,,
18.95,0.001566,,,,,,
18.966667,0.001477,,,,,,
18.983333,0.001639,,,,,,
19,0.00252,,,,,,
19.016667,0.002502,,,,,,
19.033333,0.001264,,,,,,
19.05,0.001538,,,,,,
19.066667,0.001042,,,,,,
19.083333,0.000527,,,,,,
19.1,0.000406,,,,,,
19.116667,0.000584,,,,,,
19.133333,-0.000027,,,,,,
19.15,-0.000263,,,,,,
19.166667,-0.000516,,,,,,
19.183333,-0.000389,,,,,,
19.2,0.000689,,,,,,
19.216667,0.001682,,,,,,
19.233333,0.003169,,,,,,
19.25,0.003066,,,,,,
19.266667,0.003043,,,,,,
19.283333,0.002195,,,,,,
19.3,0.001535,,,,,,
19.316667,0.000006,,,,,,
19.333333,0.000697,,,,,,
19.35,0.000905,,,,,,
19.366667,0.000572,,,,,,
19.383333,0.000069,,,,,,
19.4,0.0001,,,,,,
19.416667,-0.001365,,,,,,
19.433333,-0.001,,,,,,
19.45,-0.000875,,,,,,
19.466667,-0.000075,,,,,,
19.483333,0.000269,,,,,,
19.5,0.001392,,,,,,
19.516667,0.001686,,,,,,
19.533333,0.001488,,,,,,
19.55,0.000951,,,,,,
19.566667,0.001445,,,,,,
19.583333,0.001589,,,,,,
19.6,0.001562,,,,,,
19.616667,0.003055,,,,,,
19.633333,0.003549,,,,,,
19.65,0.002466,,,,,,
19.666667,0.001969,,,,,,
19.683333,0.001152,,,,,,
19.7,-0.000004,,,,,,
19.716667,-0.000055,,,,,,
19.733333,0.000578,,,,,,
19.75,0.000791,,,,,,
19.766667,0.001484,,,,,,
19.783333,0.001714,,,,,,
19.8,0.001976,,,,,,
19.816667,0.002068,,,,,,
19.833333,0.00316,,,,,,
19.85,0.00327,,,,,,
19.866667,0.002819,,,,,,
19.883333,0.002289,,,,,,
19.9,0.00232,,,,,,
19.916667,0.000785,,,,,,
19.933333,0.000221,,,,,,
19.95,0.000606,,,,,,
19.966667,0.000613,,,,,,
19.983333,-0.000188,,,,,,
20,-0.000149,,,,,,
20.016667,-0.00008,,,,,,
20.033333,-0.001451,,,,,,
20.05,-0.002831,,,,,,
20.066667,-0.002731,,,,,,
20.083333,-0.002591,,,,,,
20.1,-0.002363,,,,,,
20.116667,-0.000914,,,,,,
20.133333,0.000795,,,,,,
20.15,0.001443,,,,,,
20.166667,0.000539,,,,,,
20.183333,-0.000256,,,,,,
20.2,-0.00066,,,,,,
20.216667,-0.001446,,,,,,
20.233333,-0.002345,,,,,,
20.25,-0.002164,,,,,,
20.266667,-0.001702,,,,,,
20.283333,-0.002326,,,,,,
20.3,-0.00264,,,,,,
20.316667,-0.003005,,,,,,
20.333333,-0.00236,,,,,,
20.35,-0.002061,,,,,,
20.366667,-0.002092,,,,,,
20.383333,-0.001523,,,,,,
20.4,-0.000097,,,,,,
20.416667,-0.000235,,,,,,
20.433333,0.000057,,,,,,
20.45,0.000099,,,,,,
20.466667,-0.000463,,,,,,
20.483333,-0.001108,,,,,,
20.5,-0.000123,,,,,,
20.516667,-0.000007,,,,,,
20.533333,0.000852,,,,,,
20.55,0.00177,,,,,,
20.566667,0.001439,,,,,,
20.583333,0.000506,,,,,,
20.6,0.000048,,,,,,
20.616667,-0.00023,,,,,,
20.633333,-0.000518,,,,,,
20.65,-0.000519,,,,,,
20.666667,-0.000034,,,,,,
20.683333,-0.000079,,,,,,
20.7,0.000826,,,,,,
20.716667,0.000627,,,,,,
20.733333,0.001095,,,,,,
20.75,0.001064,,,,,,
20.766667,0.000732,,,,,,
20.783333,0.000104,,,,,,
20.8,0.000065,,,,,,
20.816667,-0.000684,,,,,,
20.833333,-0.001454,,,,,,
20.85,-0.00172,,,,,,
20.866667,-0.002596,,,,,,
20.883333,-0.002722,,,,,,
20.9,-0.002811,,,,,,
20.916667,-0.002365,,,,,,
20.933333,-0.002278,,,,,,
20.95,-0.000812,,,,,,
20.966667,-0.000229,,,,,,
20.983333,0.00043,,,,,,
21,0.00137,,,,,,
21.016667,0.00131,,,,,,
21.033333,-0.001837,,,,,,
21.05,-0.001334,,,,,,
21.066667,0.00968,,,,,,
21.083333,0.025032,,,,,,
21.1,0.043689,,,,,,
21.116667,0.065815,,,,,,
21.133333,0.079192,,,,,,
21.15,0.072176,,,,,,
21.166667,0.053189,,,,,,
21.183333,0.026722,,,,,,
21.2,-0.005566,,,,,,
21.216667,-0.033097,,,,,,
21.233333,-0.048927,,,,,,
21.25,-0.055736,,,,,,
21.266667,-0.054536,,,,,,
21.283333,-0.046168,,,,,,
21.3,-0.035419,,,,,,
21.316667,-0.024701,,,,,,
21.333333,-0.015072,,,,,,
21.35,-0.008386,,,,,,
21.366667,-0.003911,,,,,,
21.383333,-0.001505,,,,,,
21.4,0.001127,,,,,,
21.416667,0.001363,,,,,,
21.433333,0.00158,,,,,,
21.45,0.001656,,,,,,
21.466667,0.001352,,,,,,
21.483333,0.000433,,,,,,
21.5,0.001394,,,,,,
21.516667,0.001734,,,,,,
21.533333,0.002368,,,,,,
21.55,0.00413,,,,,,
21.566667,0.003983,,,,,,
21.583333,0.003557,,,,,,
21.6,0.002575,,,,,,
21.616667,0.000913,,,,,,
21.633333,0.000141,,,,,,
21.65,0.000682,,,,,,
21.666667,0.001202,,,,,,
21.683333,0.001621,,,,,,
21.7,0.002671,,,,,,
21.716667,0.002388,,,,,,
21.733333,0.001144,,,,,,
21.75,0.00122,,,,,,
21.766667,0.001437,,,,,,
21.783333,0.000988,,,,,,
21.8,0.000523,,,,,,
21.816667,0.000477,,,,,,
21.833333,0.000743,,,,,,
21.85,0.000954,,,,,,
21.866667,0.001694,,,,,,
21.883333,0.002635,,,,,,
21.9,0.002838,,,,,,
21.916667,0.001726,,,,,,
21.933333,0.000883,,,,,,
21.95,0.000881,,,,,,
21.966667,0.001033,,,,,,
21.983333,0.000779,,,,,,
22,0.001074,,,,,,
22.016667,0.001429,,,,,,
22.033333,0.001752,,,,,,
22.05,0.001165,,,,,,
22.066667,0.001539,,,,,,
22.083333,0.001173,,,,,,
22.1,0.001805,,,,,,
22.116667,0.000757,,,,,,
22.133333,0.000279,,,,,,
22.15,0.000574,,,,,,
22.166667,0.001094,,,,,,
22.183333,0.000004,,,,,,
22.2,-0.000326,,,,,,
22.216667,-0.000081,,,,,,
22.233333,-0.000673,,,,,,
22.25,-0.000545,,,,,,
22.266667,-0.000067,,,,,,
22.283333,0.000308,,,,,,
22.3,-0.000177,,,,,,
22.316667,0.000039,,,,,,
22.333333,0.000145,,,,,,
22.35,0.000458,,,,,,
22.366667,0.000731,,,,,,
22.383333,0.000954,,,,,,
22.4,0.000869,,,,,,
22.416667,0.000249,,,,,,
22.433333,-0.000042,,,,,,
22.45,-0.001092,,,,,,
22.466667,-0.000948,,,,,,
22.483333,0.000818,,,,,,
22.5,0.000404,,,,,,
22.516667,-0.000349,,,,,,
22.533333,0.000622,,,,,,
22.55,0.001294,,,,,,
22.566667,0.000656,,,,,,
22.583333,0.002399,,,,,,
22.6,0.003467,,,,,,
22.616667,0.004244,,,,,,
22.633333,0.003652,,,,,,
22.65,0.003441,,,,,,
22.666667,0.001873,,,,,,
22.683333,0.001085,,,,,,
22.7,0.000687,,,,,,
22.716667,0.00121,,,,,,
22.733333,0.001214,,,,,,
22.75,0.001719,,,,,,
22.766667,0.001153,,,,,,
22.783333,-0.000283,,,,,,
22.8,-0.001189,,,,,,
22.816667,-0.002415,,,,,,
22.833333,-0.002991,,,,,,
22.85,-0.002389,,,,,,
22.866667,-0.001807,,,,,,
22.883333,-0.002045,,,,,,
22.9,-0.001475,,,,,,
22.916667,-0.001177,,,,,,
22.933333,-0.000789,,,,,,
22.95,-0.000671,,,,,,
22.966667,0.000143,,,,,,
22.983333,0.000395,,,,,,
23,-0.000283,,,,,,
23.016667,-0.001121,,,,,,
23.033333,-0.000425,,,,,,
23.05,-0.000219,,,,,,
23.066667,-0.001074,,,,,,
23.083333,-0.00051,,,,,,
23.1,0.000068,,,,,,
23.116667,-0.000105,,,,,,
23.133333,-0.001418,,,,,,
23.15,-0.001384,,,,,,
23.166667,-0.001206,,,,,,
23.183333,-0.001348,,,,,,
23.2,-0.001099,,,,,,
23.216667,-0.000717,,,,,,
23.233333,0.000211,,,,,,
23.25,0.000299,,,,,,
23.266667,-0.000682,,,,,,
23.283333,-0.000983,,,,,,
23.3,-0.000445,,,,,,
23.316667,-0.001107,,,,,,
23.333333,-0.0017,,,,,,
23.35,-0.000683,,,,,,
23.366667,-0.000366,,,,,,
23.383333,-0.001808,,,,,,
23.4,-0.001695,,,,,,
23.416667,-0.002019,,,,,,
23.433333,-0.002943,,,,,,
23.45,-0.004766,,,,,,
23.466667,-0.004937,,,,,,
23.483333,-0.004541,,,,,,
23.5,-0.003515,,,,,,
23.516667,-0.002329,,,,,,
23.533333,-0.001458,,,,,,
23.55,0.000261,,,,,,
23.566667,0.009,,,,,,
23.583333,0.023923,,,,,,
23.6,0.041862,,,,,,
23.616667,0.062002,,,,,,
23.633333,0.077742,,,,,,
23.65,0.075363,,,,,,
23.666667,0.058113,,,,,,
23.683333,0.031674,,,,,,
23.7,0.000595,,,,,,
23.716667,-0.027686,,,,,,
23.733333,-0.04494,,,,,,
23.75,-0.051604,,,,,,
23.766667,-0.051098,,,,,,
23.783333,-0.045412,,,,,,
23.8,-0.03647,,,,,,
23.816667,-0.027117,,,,,,
23.833333,-0.018264,,,,,,
23.85,-0.010051,,,,,,
23.866667,-0.004839,,,,,,
23.883333,-0.001136,,,,,,
23.9,0.000409,,,,,,
23.916667,0.000547,,,,,,
23.933333,0.000115,,,,,,
23.95,-0.000327,,,,,,
23.966667,-0.000154,,,,,,
23.983333,0.000643,,,,,,
24,0.001211,,,,,,
24.016667,0.001878,,,,,,
24.033333,0.002253,,,,,,
24.05,0.000915,,,,,,
24.066667,0.000416,,,,,,
24.083333,0.000524,,,,,,
24.1,-0.001085,,,,,,
24.116667,-0.001784,,,,,,
24.133333,-0.001352,,,,,,
24.15,-0.00129,,,,,,
24.166667,-0.000415,,,,,,
24.183333,0.00118,,,,,,
24.2,0.001725,,,,,,
24.216667,0.002141,,,,,,
24.233333,0.001398,,,,,,
24.25,0.000255,,,,,,
24.266667,-0.000788,,,,,,
24.283333,-0.000915,,,,,,
24.3,-0.000629,,,,,,
24.316667,-0.000114,,,,,,
24.333333,0.000422,,,,,,
24.35,0.000255,,,,,,
24.366667,0.000328,,,,,,
24.383333,-0.000229,,,,,,
24.4,0.000748,,,,,,
24.416667,0.001621,,,,,,
24.433333,0.001675,,,,,,
24.45,0.001578,,,,,,
24.466667,0.002245,,,,,,
24.483333,0.001851,,,,,,
24.5,0.000918,,,,,,
24.516667,0.001284,,,,,,
24.533333,0.001389,,,,,,
24.55,0.000624,,,,,,
24.566667,0.00013,,,,,,
24.583333,0.000247,,,,,,
24.6,-0.000318,,,,,,
24.616667,-0.000742,,,,,,
24.633333,-0.001047,,,,,,
24.65,0.000313,,,,,,
24.666667,0.000809,,,,,,
24.683333,0.002265,,,,,,
24.7,0.003411,,,,,,
24.716667,0.003884,,,,,,
24.733333,0.002451,,,,,,
24.75,0.002668,,,,,,
24.766667,0.002185,,,,,,
24.783333,0.001782,,,,,,
24.8,0.00148,,,,,,
24.816667,0.002568,,,,,,
24.833333,0.002067,,,,,,
24.85,0.002055,,,,,,
24.866667,0.001913,,,,,,
24.883333,0.001731,,,,,,
24.9,0.001063,,,,,,
24.916667,0.00148,,,,,,
24.933333,0.000836,,,,,,
24.95,0.000223,,,,,,
24.966667,0.000734,,,,,,
24.983333,-0.000192,,,,,,
25,-0.001098,,,,,,
25.016667,-0.001684,,,,,,
25.033333,-0.000946,,,,,,
25.05,-0.001307,,,,,,
25.066667,-0.000888,,,,,,
25.083333,0.000132,,,,,,
25.1,0.000905,,,,,,
25.116667,0.000767,,,,,,
25.133333,0.00116,,,,,,
25.15,0.002003,,,,,,
25.166667,0.002198,,,,,,
25.183333,0.001613,,,,,,
25.2,0.000707,,,,,,
25.216667,-0.000088,,,,,,
25.233333,-0.000863,,,,,,
25.25,-0.002358,,,,,,
25.266667,-0.002173,,,,,,
25.283333,-0.00127,,,,,,
25.3,-0.001537,,,,,,
25.316667,-0.002094,,,,,,
25.333333,-0.001592,,,,,,
25.35,-0.001132,,,,,,
25.366667,-0.000743,,,,,,
25.383333,0.000347,,,,,,
25.4,0.000915,,,,,,
25.416667,0.001759,,,,,,
25.433333,0.001144,,,,,,
25.45,0.000449,,,,,,
25.466667,-0.00083,,,,,,
25.483333,-0.001691,,,,,,
25.5,-0.002212,,,,,,
25.516667,-0.002443,,,,,,
25.533333,-0.002891,,,,,,
25.55,-0.00169,,,,,,
25.566667,-0.000548,,,,,,
25.583333,-0.001248,,,,,,
25.6,-0.000344,,,,,,
25.616667,-0.000271,,,,,,
25.633333,-0.001577,,,,,,
25.65,-0.002197,,,,,,
25.666667,-0.002202,,,,,,
25.683333,-0.002657,,,,,,
25.7,-0.002191,,,,,,
25.716667,-0.001302,,,,,,
25.733333,-0.001155,,,,,,
25.75,-0.000198,,,,,,
25.766667,0.000718,,,,,,
25.783333,0.000548,,,,,,
25.8,0.000737,,,,,,
25.816667,0.000975,,,,,,
25.833333,0.000133,,,,,,
25.85,-0.000286,,,,,,
25.866667,0.000735,,,,,,
25.883333,0.000546,,,,,,
25.9,0.000434,,,,,,
25.916667,0.000348,,,,,,
25.933333,-0.000938,,,,,,
25.95,-0.002474,,,,,,
25.966667,-0.001905,,,,,,
25.983333,-0.002148,,,,,,
26,-0.001592,,,,,,
26.016667,-0.000605,,,,,,
26.033333,-0.000054,,,,,,
26.05,0.000026,,,,,,
26.066667,0.008367,,,,,,
26.083333,0.02328,,,,,,
26.1,0.039671,,,,,,
26.116667,0.058382,,,,,,
26.133333,0.073873,,,,,,
26.15,0.071463,,,,,,
26.166667,0.054464,,,,,,
26.183333,0.030514,,,,,,
26.2,0.000455,,,,,,
26.216667,-0.028165,,,,,,
26.233333,-0.045128,,,,,,
26.25,-0.052522,,,,,,
26.266667,-0.053946,,,,,,
26.283333,-0.048388,,,,,,
26.3,-0.037979,,,,,,
26.316667,-0.0273,,,,,,
26.333333,-0.017707,,,,,,
26.35,-0.009095,,,,,,
26.366667,-0.003722,,,,,,
26.383333,-0.001449,,,,,,
26.4,-0.000335,,,,,,
26.416667,0.000429,,,,,,
26.433333,-0.000038,,,,,,
26.45,0.000546,,,,,,
26.466667,0.001809,,,,,,
26.483333,0.003016,,,,,,
26.5,0.002143,,,,,,
26.516667,0.001921,,,,,,
26.533333,0.001714,,,,,,
26.55,0.000574,,,,,,
26.566667,-0.000046,,,,,,
26.583333,-0.000131,,,,,,
26.6,0.001719,,,,,,
26.616667,0.002329,,,,,,
26.633333,0.00236,,,,,,
26.65,0.00167,,,,,,
26.666667,0.001031,,,,,,
26.683333,-0.000328,,,,,,
26.7,-0.001077,,,,,,
26.716667,-0.000436,,,,,,
26.733333,-0.000311,,,,,,
26.75,0.001194,,,,,,
26.766667,0.001648,,,,,,
26.783333,0.001998,,,,,,
26.8,0.000631,,,,,,
26.816667,0.000613,,,,,,
26.833333,0.000952,,,,,,
26.85,0.002252,,,,,,
26.866667,0.002122,,,,,,
26.883333,0.003382,,,,,,
26.9,0.003144,,,,,,
26.916667,0.001963,,,,,,
26.933333,0.001082,,,,,,
26.95,0.0007,,,,,,
26.966667,-0.00037,,,,,,
26.983333,0.000341,,,,,,
27,-0.000308,,,,,,
27.016667,-0.001248,,,,,,
27.033333,-0.001625,,,,,,
27.05,-0.000911,,,,,,
27.066667,-0.001748,,,,,,
27.083333,-0.001594,,,,,,
27.1,-0.001758,,,,,,
27.116667,-0.001641,,,,,,
27.133333,-0.002055,,,,,,
27.15,-0.001157,,,,,,
27.166667,0.000244,,,,,,
27.183333,0.001025,,,,,,
27.2,0.001725,,,,,,
27.216667,0.002779,,,,,,
27.233333,0.003105,,,,,,
27.25,0.002411,,,,,,
27.266667,0.002127,,,,,,
27.283333,0.002109,,,,,,
27.3,0.001211,,,,,,
27.316667,-0.000327,,,,,,
27.333333,-0.000344,,,,,,
27.35,-0.000536,,,,,,
27.366667,-0.000648,,,,,,
27.383333,0.000321,,,,,,
27.4,0.000672,,,,,,
27.416667,0.000016,,,,,,
27.433333,-0.000749,,,,,,
27.45,-0.000244,,,,,,
27.466667,-0.000565,,,,,,
27.483333,0.000056,,,,,,
27.5,0.001097,,,,,,
27.516667,0.001768,,,,,,
27.533333,0.001286,,,,,,
27.55,0.001414,,,,,,
27.566667,0.000572,,,,,,
27.583333,0.000621,,,,,,
27.6,0.001346,,,,,,
27.616667,0.001311,,,,,,
27.633333,0.000765,,,,,,
27.65,0.001333,,,,,,
27.666667,0.001044,,,,,,
27.683333,0.000595,,,,,,
27.7,0.000566,,,,,,
27.716667,0.001281,,,,,,
27.733333,0.002008,,,,,,
27.75,0.002014,,,,,,
27.766667,0.002971,,,,,,
27.783333,0.003342,,,,,,
27.8,0.003254,,,,,,
27.816667,0.003005,,,,,,
27.833333,0.002207,,,,,,
27.85,0.000622,,,,,,
27.866667,-0.000984,,,,,,
27.883333,-0.001539,,,,,,
27.9,-0.001615,,,,,,
27.916667,-0.001859,,,,,,
27.933333,-0.001644,,,,,,
27.95,-0.000828,,,,,,
27.966667,-0.001364,,,,,,
27.983333,-0.001969,,,,,,
28,-0.001735,,,,,,
28.016667,-0.00241,,,,,,
28.033333,-0.001878,,,,,,
28.05,-0.002236,,,,,,
28.066667,-0.003024,,,,,,
28.083333,-0.003822,,,,,,
28.1,-0.002963,,,,,,
28.116667,-0.003754,,,,,,
28.133333,-0.002695,,,,,,
28.15,-0.001147,,,,,,
28.166667,0.000978,,,,,,
28.183333,0.001354,,,,,,
28.2,0.0016,,,,,,
28.216667,0.001714,,,,,,
28.233333,0.001276,,,,,,
28.25,0.000019,,,,,,
28.266667,-0.000128,,,,,,
28.283333,0.000142,,,,,,
28.3,-0.000578,,,,,,
28.316667,-0.001138,,,,,,
28.333333,-0.000358,,,,,,
28.35,-0.000081,,,,,,
28.366667,-0.000274,,,,,,
28.383333,0.000363,,,,,,
28.4,0.000679,,,,,,
28.416667,0.000043,,,,,,
28.433333,-0.000332,,,,,,
28.45,-0.000358,,,,,,
28.466667,-0.000945,,,,,,
28.483333,-0.000404,,,,,,
28.5,-0.000372,,,,,,
28.516667,-0.00093,,,,,,
28.533333,-0.002031,,,,,,
28.55,-0.003861,,,,,,
28.566667,0.002338,,,,,,
28.583333,0.016752,,,,,,
28.6,0.031802,,,,,,
28.616667,0.049252,,,,,,
28.633333,0.066222,,,,,,
28.65,0.065981,,,,,,
28.666667,0.050463,,,,,,
28.683333,0.027145,,,,,,
28.7,-0.000854,,,,,,
28.716667,-0.028475,,,,,,
28.733333,-0.046972,,,,,,
28.75,-0.055198,,,,,,
28.766667,-0.054235,,,,,,
28.783333,-0.046847,,,,,,
28.8,-0.037937,,,,,,
28.816667,-0.026967,,,,,,
28.833333,-0.016107,,,,,,
28.85,-0.008657,,,,,,
28.866667,-0.003907,,,,,,
28.883333,-0.000287,,,,,,
28.9,0.002423,,,,,,
28.916667,0.002513,,,,,,
28.933333,0.002573,,,,,,
28.95,0.001953,,,,,,
28.966667,0.001317,,,,,,
28.983333,-0.000059,,,,,,
29,0.000054,,,,,,
29.016667,-0.000753,,,,,,
29.033333,-0.001012,,,,,,
29.05,-0.000337,,,,,,
29.066667,0.000058,,,,,,
29.083333,-0.000086,,,,,,
29.1,0.001884,,,,,,
29.116667,0.001054,,,,,,
29.133333,0.001334,,,,,,
29.15,0.001312,,,,,,
29.166667,0.002149,,,,,,
29.183333,0.001386,,,,,,
29.2,0.002483,,,,,,
29.216667,0.001397,,,,,,
29.233333,0.001061,,,,,,
29.25,0.000064,,,,,,
29.266667,0.000577,,,,,,
29.283333,0.000818,,,,,,
29.3,0.001593,,,,,,
29.316667,0.001438,,,,,,
29.333333,0.000917,,,,,,
29.35,0.000031,,,,,,
29.366667,-0.000116,,,,,,
29.383333,-0.000603,,,,,,
29.4,0.001077,,,,,,
29.416667,0.003176,,,,,,
29.433333,0.004175,,,,,,
29.45,0.004694,,,,,,
29.466667,0.004042,,,,,,
29.483333,0.002416,,,,,,
29.5,0.000539,,,,,,
29.516667,0.000293,,,,,,
29.533333,0.000577,,,,,,
29.55,0.001432,,,,,,
29.566667,0.000666,,,,,,
29.583333,0.00137,,,,,,
29.6,0.001305,,,,,,
29.616667,0.000479,,,,,,
29.633333,-0.000196,,,,,,
29.65,0.000339,,,,,,
29.666667,-0.000426,,,,,,
29.683333,-0.000681,,,,,,
29.7,0.000464,,,,,,
29.716667,0.000399,,,,,,
29.733333,0.000014,,,,,,
29.75,-0.000161,,,,,,
29.766667,-0.001045,,,,,,
29.783333,-0.00229,,,,,,
29.8,-0.002765,,,,,,
29.816667,-0.00273,,,,,,
29.833333,-0.001545,,,,,,
29.85,-0.00085,,,,,,
29.866667,-0.001645,,,,,,
29.883333,-0.00206,,,,,,
29.9,-0.002525,,,,,,
29.916667,-0.002579,,,,,,
29.933333,-0.001883,,,,,,
29.95,-0.000368,,,,,,
29.966667,0.001919,,,,,,
29.983333,0.004087,,,,,,
30,0.005175,,,,,,
30.016667,0.005132,,,,,,
30.033333,0.005042,,,,,,
30.05,0.003002,,,,,,
30.066667,0.001303,,,,,,
30.083333,0.000583,,,,,,
30.1,0.000576,,,,,,
30.116667,-0.000461,,,,,,
30.133333,-0.000398,,,,,,
30.15,0.000046,,,,,,
30.166667,0.000251,,,,,,
30.183333,-0.000674,,,,,,
30.2,-0.000069,,,,,,
30.216667,0.001707,,,,,,
30.233333,0.001924,,,,,,
30.25,0.00132,,,,,,
30.266667,0.001447,,,,,,
30.283333,0.001165,,,,,,
30.3,-0.001378,,,,,,
30.316667,-0.00242,,,,,,
30.333333,-0.002723,,,,,,
30.35,-0.001865,,,,,,
30.366667,-0.002067,,,,,,
30.383333,-0.00125,,,,,,
30.4,-0.001542,,,,,,
30.416667,-0.001875,,,,,,
30.433333,-0.002897,,,,,,
30.45,-0.00289,,,,,,
30.466667,-0.002773,,,,,,
30.483333,-0.000175,,,,,,
30.5,0.001522,,,,,,
30.516667,0.002059,,,,,,
30.533333,0.002797,,,,,,
30.55,0.002545,,,,,,
30.566667,0.001172,,,,,,
30.583333,0.00088,,,,,,
30.6,0.000798,,,,,,
30.616667,0.001157,,,,,,
30.633333,0.001175,,,,,,
30.65,0.001274,,,,,,
30.666667,0.001742,,,,,,
30.683333,0.002601,,,,,,
30.7,0.00211,,,,,,
30.716667,0.003199,,,,,,
30.733333,0.002198,,,,,,
30.75,0.000216,,,,,,
30.766667,-0.000895,,,,,,
30.783333,-0.001547,,,,,,
30.8,-0.00229,,,,,,
30.816667,-0.003112,,,,,,
30.833333,-0.003035,,,,,,
30.85,-0.00241,,,,,,
30.866667,-0.001194,,,,,,
30.883333,0.000171,,,,,,
30.9,0.001346,,,,,,
30.916667,0.000458,,,,,,
30.933333,-0.001329,,,,,,
30.95,-0.002576,,,,,,
30.966667,-0.005332,,,,,,
30.983333,-0.006771,,,,,,
31,-0.006519,,,,,,
31.016667,-0.006558,,,,,,
31.033333,-0.005988,,,,,,
31.05,-0.006329,,,,,,
31.066667,-0.0001,,,,,,
31.083333,0.012621,,,,,,
31.1,0.02721,,,,,,
31.116667,0.043658,,,,,,
31.133333,0.060297,,,,,,
31.15,0.061791,,,,,,
31.166667,0.048046,,,,,,
31.183333,0.028901,,,,,,
31.2,0.003026,,,,,,
31.216667,-0.022684,,,,,,
31.233333,-0.039959,,,,,,
31.25,-0.045985,,,,,,
31.266667,-0.0458,,,,,,
31.283333,-0.039671,,,,,,
31.3,-0.031488,,,,,,
31.316667,-0.021624,,,,,,
31.333333,-0.013953,,,,,,
31.35,-0.005403,,,,,,
31.366667,0.001347,,,,,,
31.383333,0.006268,,,,,,
31.4,0.008805,,,,,,
31.416667,0.010195,,,,,,
31.433333,0.009946,,,,,,
31.45,0.008796,,,,,,
31.466667,0.007365,,,,,,
31.483333,0.005996,,,,,,
31.5,0.003807,,,,,,
31.516667,0.003249,,,,,,
31.533333,0.003413,,,,,,
31.55,0.00507,,,,,,
31.566667,0.005497,,,,,,
31.583333,0.00645,,,,,,
31.6,0.005714,,,,,,
31.616667,0.004509,,,,,,
31.633333,0.003443,,,,,,
31.65,0.002317,,,,,,
31.666667,0.001357,,,,,,
31.683333,-0.000283,,,,,,
31.7,-0.001913,,,,,,
31.716667,-0.003207,,,,,,
31.733333,-0.003472,,,,,,
31.75,-0.003816,,,,,,
31.766667,-0.00484,,,,,,
31.783333,-0.004664,,,,,,
31.8,-0.004068,,,,,,
31.816667,-0.002603,,,,,,
31.833333,-0.000067,,,,,,
31.85,0.004369,,,,,,
31.866667,0.006685,,,,,,
31.883333,0.007362,,,,,,
31.9,0.006698,,,,,,
31.916667,0.006105,,,,,,
31.933333,0.003702,,,,,,
31.95,0.00341,,,,,,
31.966667,0.003097,,,,,,
31.983333,0.003106,,,,,,
32,0.001644,,,,,,
32.016667,0.001142,,,,,,
32.033333,0.000301,,,,,,
32.05,-0.000649,,,,,,
32.066667,-0.000479,,,,,,
32.083333,0.00021,,,,,,
32.1,0.001652,,,,,,
32.116667,0.003163,,,,,,
32.133333,0.003794,,,,,,
32.15,0.003346,,,,,,
32.166667,0.002789,,,,,,
32.183333,0.001832,,,,,,
32.2,-0.000055,,,,,,
32.216667,0.000479,,,,,,
32.233333,0.000814,,,,,,
32.25,0.000369,,,,,,
32.266667,-0.000746,,,,,,
32.283333,-0.002018,,,,,,
32.3,-0.003231,,,,,,
32.316667,-0.003064,,,,,,
32.333333,-0.001686,,,,,,
32.35,0.000034,,,,,,
32.366667,0.002744,,,,,,
32.383333,0.004524,,,,,,
32.4,0.005125,,,,,,
32.416667,0.004398,,,,,,
32.433333,0.003451,,,,,,
32.45,0.001804,,,,,,
32.466667,0.000209,,,,,,
32.483333,-0.000965,,,,,,
32.5,-0.0011,,,,,,
32.516667,-0.000974,,,,,,
32.533333,-0.000195,,,,,,
32.55,0.001105,,,,,,
32.566667,0.001554,,,,,,
32.583333,0.002774,,,,,,
32.6,0.003646,,,,,,
32.616667,0.003689,,,,,,
32.633333,0.003072,,,,,,
32.65,0.002606,,,,,,
32.666667,0.001543,,,,,,
32.683333,0.00189,,,,,,
32.7,0.001246,,,,,,
32.716667,-0.000025,,,,,,
32.733333,0.000026,,,,,,
32.75,0.000317,,,,,,
32.766667,0.001247,,,,,,
32.783333,0.003322,,,,,,
32.8,0.004797,,,,,,
32.816667,0.006042,,,,,,
32.833333,0.005758,,,,,,
32.85,0.004197,,,,,,
32.866667,0.003827,,,,,,
32.883333,0.004266,,,,,,
32.9,0.003758,,,,,,
32.916667,0.004682,,,,,,
32.933333,0.004826,,,,,,
32.95,0.00304,,,,,,
32.966667,0.002457,,,,,,
32.983333,0.001855,,,,,,
33,0.000784,,,,,,
33.016667,0.000622,,,,,,
33.033333,0.001423,,,,,,
33.05,0.000673,,,,,,
33.066667,0.000324,,,,,,
33.083333,-0.000025,,,,,,
33.1,-0.001703,,,,,,
33.116667,-0.002482,,,,,,
33.133333,-0.00204,,,,,,
33.15,-0.001969,,,,,,
33.166667,-0.001868,,,,,,
33.183333,-0.001267,,,,,,
33.2,-0.000726,,,,,,
33.216667,-0.001457,,,,,,
33.233333,-0.001038,,,,,,
33.25,-0.000849,,,,,,
33.266667,-0.00058,,,,,,
33.283333,-0.000323,,,,,,
33.3,0.000133,,,,,,
33.316667,-0.000411,,,,,,
33.333333,-0.000476,,,,,,
33.35,-0.001243,,,,,,
33.366667,-0.00204,,,,,,
33.383333,-0.002067,,,,,,
33.4,-0.002236,,,,,,
33.416667,-0.002447,,,,,,
33.433333,-0.001418,,,,,,
33.45,-0.001089,,,,,,
33.466667,-0.000263,,,,,,
33.483333,0.000702,,,,,,
33.5,0.001727,,,,,,
33.516667,0.002442,,,,,,
33.533333,0.002854,,,,,,
33.55,0.002356,,,,,,
33.566667,0.007648,,,,,,
33.583333,0.018531,,,,,,
33.6,0.030592,,,,,,
33.616667,0.044713,,,,,,
33.633333,0.058854,,,,,,
33.65,0.059907,,,,,,
33.666667,0.048383,,,,,,
33.683333,0.029659,,,,,,
33.7,0.006675,,,,,,
33.716667,-0.018763,,,,,,
33.733333,-0.035377,,,,,,
33.75,-0.042831,,,,,,
33.766667,-0.042386,,,,,,
33.783333,-0.037532,,,,,,
33.8,-0.028585,,,,,,
33.816667,-0.019228,,,,,,
33.833333,-0.011049,,,,,,
33.85,-0.005458,,,,,,
33.866667,-0.001416,,,,,,
33.883333,0.000366,,,,,,
33.9,0.001063,,,,,,
33.916667,0.000701,,,,,,
33.933333,0.000059,,,,,,
33.95,-0.000222,,,,,,
33.966667,-0.001082,,,,,,
33.983333,-0.002031,,,,,,
34,-0.00127,,,,,,
34.016667,0.000301,,,,,,
34.033333,0.000639,,,,,,
34.05,0.000936,,,,,,
34.066667,0.001783,,,,,,
34.083333,0.001366,,,,,,
34.1,0.000561,,,,,,
34.116667,0.000225,,,,,,
34.133333,0.000399,,,,,,
34.15,-0.000025,,,,,,
34.166667,-0.00007,,,,,,
34.183333,-0.000134,,,,,,
34.2,0.000001,,,,,,
34.216667,-0.000118,,,,,,
34.233333,-0.0002,,,,,,
34.25,-0.001192,,,,,,
34.266667,-0.001303,,,,,,
34.283333,-0.001386,,,,,,
34.3,-0.000126,,,,,,
34.316667,0.001994,,,,,,
34.333333,0.004284,,,,,,
34.35,0.005236,,,,,,
34.366667,0.005157,,,,,,
34.383333,0.003889,,,,,,
34.4,0.00234,,,,,,
34.416667,0.002897,,,,,,
34.433333,0.002474,,,,,,
34.45,0.002771,,,,,,
34.466667,0.000849,,,,,,
34.483333,-0.001782,,,,,,
34.5,-0.003242,,,,,,
34.516667,-0.003013,,,,,,
34.533333,-0.001862,,,,,,
34.55,-0.00081,,,,,,
34.566667,0.001851,,,,,,
34.583333,0.004187,,,,,,
34.6,0.004334,,,,,,
34.616667,0.003262,,,,,,
34.633333,0.001449,,,,,,
34.65,0.000959,,,,,,
34.666667,0.00184,,,,,,
34.683333,0.001782,,,,,,
34.7,0.002474,,,,,,
34.716667,0.000595,,,,,,
34.733333,-0.001299,,,,,,
34.75,-0.001723,,,,,,
34.766667,-0.001317,,,,,,
34.783333,-0.000367,,,,,,
34.8,0.001111,,,,,,
34.816667,0.00218,,,,,,
34.833333,0.001552,,,,,,
34.85,0.00123,,,,,,
34.866667,0.001588,,,,,,
34.883333,0.001366,,,,,,
34.9,0.001286,,,,,,
34.916667,0.001559,,,,,,
34.933333,0.001771,,,,,,
34.95,-0.000306,,,,,,
34.966667,-0.00089,,,,,,
34.983333,-0.002137,,,,,,
35,-0.002503,,,,,,
35.016667,-0.0028,,,,,,
35.033333,-0.001262,,,,,,
35.05,-0.000085,,,,,,
35.066667,0.002443,,,,,,
35.083333,0.003932,,,,,,
35.1,0.004615,,,,,,
35.116667,0.004387,,,,,,
35.133333,0.00429,,,,,,
35.15,0.003085,,,,,,
35.166667,0.001453,,,,,,
35.183333,0.000481,,,,,,
35.2,0.000798,,,,,,
35.216667,-0.00031,,,,,,
35.233333,-0.001357,,,,,,
35.25,-0.000653,,,,,,
35.266667,0.00057,,,,,,
35.283333,0.002209,,,,,,
35.3,0.004608,,,,,,
35.316667,0.006147,,,,,,
35.333333,0.005298,,,,,,
35.35,0.004083,,,,,,
35.366667,0.001748,,,,,,
35.383333,-0.000657,,,,,,
35.4,-0.00201,,,,,,
35.416667,-0.00197,,,,,,
35.433333,-0.00071,,,,,,
35.45,-0.00075,,,,,,
35.466667,-0.000378,,,,,,
35.483333,-0.000554,,,,,,
35.5,-0.00015,,,,,,
35.516667,-0.001156,,,,,,
35.533333,-0.001409,,,,,,
35.55,-0.001322,,,,,,
35.566667,-0.000795,,,,,,
35.583333,-0.001008,,,,,,
35.6,-0.001148,,,,,,
35.616667,-0.001539,,,,,,
35.633333,-0.001069,,,,,,
35.65,-0.000669,,,,,,
35.666667,0.000433,,,,,,
35.683333,0.002015,,,,,,
35.7,0.004477,,,,,,
35.716667,0.00478,,,,,,
35.733333,0.004344,,,,,,
35.75,0.003368,,,,,,
35.766667,0.001361,,,,,,
35.783333,-0.000504,,,,,,
35.8,-0.001769,,,,,,
35.816667,-0.003334,,,,,,
35.833333,-0.003369,,,,,,
35.85,-0.002864,,,,,,
35.866667,-0.00231,,,,,,
35.883333,-0.001995,,,,,,
35.9,-0.000791,,,,,,
35.916667,-0.000687,,,,,,
35.933333,-0.000953,,,,,,
35.95,-0.001049,,,,,,
35.966667,-0.000486,,,,,,
35.983333,-0.000584,,,,,,
36,-0.001811,,,,,,
36.016667,-0.003089,,,,,,
36.033333,-0.005998,,,,,,
36.05,-0.009176,,,,,,
36.066667,-0.007335,,,,,,
36.083333,0.001311,,,,,,
36.1,0.005018,,,,,,
36.116667,0.011125,,,,,,
36.133333,0.020642,,,,,,
36.15,0.028094,,,,,,
36.166667,0.026082,,,,,,
36.183333,0.01409,,,,,,
36.2,-0.001922,,,,,,
36.216667,-0.015724,,,,,,
36.233333,-0.020378,,,,,,
36.25,-0.014491,,,,,,
36.266667,0.000255,,,,,,
36.283333,-0.001229,,,,,,
36.3,0.00212,,,,,,
36.316667,0.005638,,,,,,
36.333333,0.008928,,,,,,
36.35,0.007785,,,,,,
36.366667,0.005922,,,,,,
36.383333,0.001709,,,,,,
36.4,0.001019,,,,,,
36.416667,0.004217,,,,,,
36.433333,0.008044,,,,,,
36.45,0.009452,,,,,,
36.466667,0.006593,,,,,,
36.483333,0.003333,,,,,,
36.5,0.000883,,,,,,
36.516667,-0.000308,,,,,,
36.533333,0.00147,,,,,,
36.55,0.003837,,,,,,
36.566667,0.006385,,,,,,
36.583333,0.007796,,,,,,
36.6,0.00636,,,,,,
36.616667,0.004524,,,,,,
36.633333,0.002638,,,,,,
36.65,0.002263,,,,,,
36.666667,0.003649,,,,,,
36.683333,0.004405,,,,,,
36.7,0.002781,,,,,,
36.716667,0.000045,,,,,,
36.733333,-0.000994,,,,,,
36.75,0.000907,,,,,,
36.766667,0.002278,,,,,,
36.783333,0.006191,,,,,,
36.8,0.008969,,,,,,
36.816667,0.008977,,,,,,
36.833333,0.006959,,,,,,
36.85,0.004412,,,,,,
36.866667,0.002666,,,,,,
36.883333,0.001339,,,,,,
36.9,0.000373,,,,,,
36.916667,-0.00315,,,,,,
36.933333,-0.004213,,,,,,
36.95,-0.003366,,,,,,
36.966667,-0.004351,,,,,,
36.983333,-0.006984,,,,,,
37,-0.006978,,,,,,
37.016667,-0.007331,,,,,,
37.033333,-0.003473,,,,,,
37.05,-0.000015,,,,,,
37.066667,0.001512,,,,,,
37.083333,0.002058,,,,,,
37.1,0.00584,,,,,,
37.116667,0.007182,,,,,,
37.133333,0.009014,,,,,,
37.15,0.008076,,,,,,
37.166667,0.004301,,,,,,
37.183333,0.001846,,,,,,
37.2,0.00147,,,,,,
37.216667,-0.000479,,,,,,
37.233333,-0.000415,,,,,,
37.25,-0.000421,,,,,,
37.266667,0.000714,,,,,,
37.283333,-0.00065,,,,,,
37.3,-0.001567,,,,,,
37.316667,-0.004155,,,,,,
37.333333,-0.002471,,,,,,
37.35,-0.000186,,,,,,
37.366667,0.001579,,,,,,
37.383333,0.001535,,,,,,
37.4,0.001076,,,,,,
37.416667,-0.001321,,,,,,
37.433333,-0.003299,,,,,,
37.45,-0.004256,,,,,,
37.466667,-0.003308,,,,,,
37.483333,-0.001117,,,,,,
37.5,0.001015,,,,,,
37.516667,0.000417,,,,,,
37.533333,0.001972,,,,,,
37.55,0.002397,,,,,,
37.566667,0.001662,,,,,,
37.583333,0.000229,,,,,,
37.6,0.000424,,,,,,
37.616667,-0.000151,,,,,,
37.633333,-0.001266,,,,,,
37.65,-0.000198,,,,,,
37.666667,0.000147,,,,,,
37.683333,0.001021,,,,,,
37.7,0.001616,,,,,,
37.716667,0.003254,,,,,,
37.733333,0.002972,,,,,,
37.75,0.00393,,,,,,
37.766667,0.002368,,,,,,
37.783333,0.001105,,,,,,
37.8,-0.001277,,,,,,
37.816667,-0.000839,,,,,,
37.833333,-0.000866,,,,,,
37.85,-0.00068,,,,,,
37.866667,-0.000644,,,,,,
37.883333,-0.000768,,,,,,
37.9,-0.000029,,,,,,
37.916667,0.001873,,,,,,
37.933333,0.002326,,,,,,
37.95,0.001238,,,,,,
37.966667,0.001005,,,,,,
37.983333,-0.000152,,,,,,
38,-0.001849,,,,,,
38.016667,-0.002536,,,,,,
38.033333,-0.002719,,,,,,
38.05,-0.002071,,,,,,
38.066667,-0.001043,,,,,,
38.083333,0.000745,,,,,,
38.1,0.000002,,,,,,
38.116667,-0.000871,,,,,,
38.133333,-0.001514,,,,,,
38.15,-0.00131,,,,,,
38.166667,-0.001766,,,,,,
38.183333,-0.001433,,,,,,
38.2,-0.000549,,,,,,
38.216667,0.002061,,,,,,
38.233333,0.003634,,,,,,
38.25,0.004846,,,,,,
38.266667,0.004718,,,,,,
38.283333,0.004043,,,,,,
38.3,0.001564,,,,,,
38.316667,-0.000385,,,,,,
38.333333,-0.003254,,,,,,
38.35,-0.005949,,,,,,
38.366667,-0.006814,,,,,,
38.383333,-0.005649,,,,,,
38.4,-0.003396,,,,,,
38.416667,-0.000846,,,,,,
38.433333,0.000665,,,,,,
38.45,0.002306,,,,,,
38.466667,0.003633,,,,,,
38.483333,0.0052,,,,,,
38.5,0.006607,,,,,,
38.516667,0.006264,,,,,,
38.533333,0.005717,,,,,,
38.55,0.00613,,,,,,
38.566667,0.010544,,,,,,
38.583333,0.021533,,,,,,
38.6,0.037208,,,,,,
38.616667,0.051843,,,,,,
38.633333,0.066117,,,,,,
38.65,0.06917,,,,,,
38.666667,0.057892,,,,,,
38.683333,0.039713,,,,,,
38.7,0.019544,,,,,,
38.716667,-0.003705,,,,,,
38.733333,-0.021216,,,,,,
38.75,-0.029187,,,,,,
38.766667,-0.031999,,,,,,
38.783333,-0.029121,,,,,,
38.8,-0.020776,,,,,,
38.816667,-0.009991,,,,,,
38.833333,-0.001502,,,,,,
38.85,0.002221,,,,,,
38.866667,0.006264,,,,,,
38.883333,0.008307,,,,,,
38.9,0.008937,,,,,,
38.916667,0.009145,,,,,,
38.933333,0.007253,,,,,,
38.95,0.001681,,,,,,
38.966667,0.001907,,,,,,
38.983333,0.004531,,,,,,
39,0.007915,,,,,,
39.016667,0.008969,,,,,,
39.033333,0.00584,,,,,,
39.05,0.002977,,,,,,
39.066667,0.002135,,,,,,
39.083333,-0.000803,,,,,,
39.1,-0.006212,,,,,,
39.116667,-0.007822,,,,,,
39.133333,-0.006212,,,,,,
39.15,-0.003141,,,,,,
39.166667,0.002173,,,,,,
39.183333,0.003786,,,,,,
39.2,0.00342,,,,,,
39.216667,0.002846,,,,,,
39.233333,0.000903,,,,,,
39.25,-0.002621,,,,,,
39.266667,-0.004035,,,,,,
39.283333,-0.006309,,,,,,
39.3,-0.003957,,,,,,
39.316667,0.001326,,,,,,
39.333333,0.007195,,,,,,
39.35,0.008674,,,,,,
39.366667,0.007743,,,,,,
39.383333,0.001933,,,,,,
39.4,-0.003259,,,,,,
39.416667,-0.007258,,,,,,
39.433333,-0.009427,,,,,,
39.45,-0.009546,,,,,,
39.466667,-0.010049,,,,,,
39.483333,-0.007986,,,,,,
39.5,-0.002773,,,,,,
39.516667,0.00341,,,,,,
39.533333,0.009144,,,,,,
39.55,0.011262,,,,,,
39.566667,0.00636,,,,,,
39.583333,-0.000129,,,,,,
39.6,-0.001528,,,,,,
39.616667,-0.003078,,,,,,
39.633333,-0.002827,,,,,,
39.65,-0.000225,,,,,,
39.666667,0.0024,,,,,,
39.683333,0.004086,,,,,,
39.7,0.003291,,,,,,
39.716667,0.002836,,,,,,
39.733333,0.001631,,,,,,
39.75,-0.000294,,,,,,
39.766667,-0.002049,,,,,,
39.783333,-0.001305,,,,,,
39.8,0.000269,,,,,,
39.816667,0.002004,,,,,,
39.833333,0.004208,,,,,,
39.85,0.005782,,,,,,
39.866667,0.004976,,,,,,
39.883333,0.00289,,,,,,
39.9,0.000054,,,,,,
39.916667,-0.003942,,,,,,
39.933333,-0.006168,,,,,,
39.95,-0.005514,,,,,,
39.966667,-0.0043,,,,,,
39.983333,-0.002006,,,,,,
40,0.001688,,,,,,
40.016667,0.003102,,,,,,
40.033333,0.002817,,,,,,
40.05,0.000341,,,,,,
40.066667,-0.004765,,,,,,
40.083333,-0.011045,,,,,,
40.1,-0.011499,,,,,,
40.116667,-0.009592,,,,,,
40.133333,-0.005046,,,,,,
40.15,-0.002166,,,,,,
40.166667,-0.001103,,,,,,
40.183333,0.00217,,,,,,
40.2,0.003903,,,,,,
40.216667,0.005853,,,,,,
40.233333,0.00656,,,,,,
40.25,0.003467,,,,,,
40.266667,-0.002076,,,,,,
40.283333,-0.001761,,,,,,
40.3,-0.000666,,,,,,
40.316667,-0.00044,,,,,,
40.333333,0.002212,,,,,,
40.35,0.003599,,,,,,
40.366667,0.004716,,,,,,
40.383333,0.005044,,,,,,
40.4,0.005422,,,,,,
40.416667,0.001551,,,,,,
40.433333,-0.003691,,,,,,
40.45,-0.007602,,,,,,
40.466667,-0.007438,,,,,,
40.483333,-0.005075,,,,,,
40.5,-0.000493,,,,,,
40.516667,0.00374,,,,,,
40.533333,0.00428,,,,,,
40.55,0.00443,,,,,,
40.566667,0.00195,,,,,,
40.583333,-0.000631,,,,,,
40.6,-0.00363,,,,,,
40.616667,-0.005319,,,,,,
40.633333,-0.007987,,,,,,
40.65,-0.006124,,,,,,
40.666667,-0.002869,,,,,,
40.683333,-0.001525,,,,,,
40.7,-0.00333,,,,,,
40.716667,-0.00286,,,,,,
40.733333,-0.002828,,,,,,
40.75,-0.002036,,,,,,
40.766667,0.000496,,,,,,
40.783333,-0.005474,,,,,,
40.8,-0.010051,,,,,,
40.816667,-0.013068,,,,,,
40.833333,-0.012849,,,,,,
40.85,-0.004819,,,,,,
40.866667,0.003742,,,,,,
40.883333,0.012563,,,,,,
40.9,0.020135,,,,,,
40.916667,0.022669,,,,,,
40.933333,0.019352,,,,,,
40.95,0.013185,,,,,,
40.966667,0.00413,,,,,,
40.983333,-0.005215,,,,,,
41,-0.01211,,,,,,
41.016667,-0.017175,,,,,,
